/*
    Created by Quo
*/
 


-- LOGS
-- Debug
INSERT INTO tblQuoDebug 
	(DebugID, 		x_Open, x_Close, 	Message)
VALUES ('Quo_Friends_Code',	'1',	'0',		'') ;

/*
INSERT INTO Agendas 
	(AgendaType, 				Name, 					Description)
VALUES 	('QUO_AGENDA_FRIENDS_EGYPT', 		'LOC_QUO_AGENDA_FRIENDS_EGYPT_NAME',	'LOC_QUO_AGENDA_FRIENDS_EGYPT_DESCRIPTION');

INSERT INTO AgendaTraits
	(AgendaType, 	TraitType)
VALUES 	('QUO_AGENDA_FRIENDS_EGYPT', 'QUO_TRAIT_FRIENDS_EGYPT');
*/



INSERT INTO Types 
	(Type, 					Kind)
VALUES 	('QUO_TRAIT_FRIENDS_EGYPT', 		'KIND_TRAIT'),
	('QUO_TRAIT_FRIENDS_AMERICA', 'KIND_TRAIT') ,
	('QUO_TRAIT_FRIENDS_ARABIA', 'KIND_TRAIT') ,
	('QUO_TRAIT_FRIENDS_BRAZIL', 'KIND_TRAIT') ,
	('QUO_TRAIT_FRIENDS_CHINA', 'KIND_TRAIT') ,
	('QUO_TRAIT_FRIENDS_ENGLAND', 'KIND_TRAIT') ,
	('QUO_TRAIT_FRIENDS_FRANCE', 'KIND_TRAIT') ,
	('QUO_TRAIT_FRIENDS_GERMANY', 'KIND_TRAIT') ,
	('QUO_TRAIT_FRIENDS_GREECE', 'KIND_TRAIT') ,
	('QUO_TRAIT_FRIENDS_INDIA', 'KIND_TRAIT') ,
	('QUO_TRAIT_FRIENDS_JAPAN', 'KIND_TRAIT') ,
	('QUO_TRAIT_FRIENDS_KONGO', 'KIND_TRAIT') ,
	('QUO_TRAIT_FRIENDS_NORWAY', 'KIND_TRAIT') ,
	('QUO_TRAIT_FRIENDS_ROME', 'KIND_TRAIT') ,
	('QUO_TRAIT_FRIENDS_RUSSIA', 'KIND_TRAIT') ,
	('QUO_TRAIT_FRIENDS_SCYTHIA', 'KIND_TRAIT') ,
	('QUO_TRAIT_FRIENDS_SPAIN', 'KIND_TRAIT') ,
	('QUO_TRAIT_FRIENDS_SUMERIA', 'KIND_TRAIT'), 	

	--xp1
	('QUO_TRAIT_FRIENDS_MONGOLIA', 'KIND_TRAIT') ,
	('QUO_TRAIT_FRIENDS_MAPUCHE', 'KIND_TRAIT') ,
	('QUO_TRAIT_FRIENDS_CREE', 'KIND_TRAIT') ,
	('QUO_TRAIT_FRIENDS_SCOTLAND', 'KIND_TRAIT') ,
	('QUO_TRAIT_FRIENDS_KOREA', 'KIND_TRAIT') ,
	('QUO_TRAIT_FRIENDS_ZULU', 'KIND_TRAIT') ,
	('QUO_TRAIT_FRIENDS_GEORGIA', 'KIND_TRAIT') ,
	('QUO_TRAIT_FRIENDS_NETHERLANDS', 'KIND_TRAIT') ,
	
	--xp2
	('QUO_TRAIT_FRIENDS_PHOENICIA', 'KIND_TRAIT') ,
	('QUO_TRAIT_FRIENDS_SWEDEN', 'KIND_TRAIT') ,
	('QUO_TRAIT_FRIENDS_MAORI', 'KIND_TRAIT') ,
	('QUO_TRAIT_FRIENDS_MALI', 'KIND_TRAIT') ,
	('QUO_TRAIT_FRIENDS_HUNGARY', 'KIND_TRAIT') ,
	('QUO_TRAIT_FRIENDS_INCA', 'KIND_TRAIT') ,
	('QUO_TRAIT_FRIENDS_OTTOMAN', 'KIND_TRAIT') ,
	('QUO_TRAIT_FRIENDS_CANADA', 'KIND_TRAIT') ,

	-- DLC
	('QUO_TRAIT_FRIENDS_PERSIA', 'KIND_TRAIT') ,
	('QUO_TRAIT_FRIENDS_MACEDON', 'KIND_TRAIT') ,
	('QUO_TRAIT_FRIENDS_NUBIA', 'KIND_TRAIT') ,
	('QUO_TRAIT_FRIENDS_POLAND', 'KIND_TRAIT') ,
	('QUO_TRAIT_FRIENDS_AZTEC', 'KIND_TRAIT') ,
	('QUO_TRAIT_FRIENDS_AUSTRALIA', 'KIND_TRAIT') ,
	('QUO_TRAIT_FRIENDS_INDONESIA', 'KIND_TRAIT') ,
	('QUO_TRAIT_FRIENDS_KHMER', 'KIND_TRAIT') ,
	
	('QUO_TRAIT_FRIENDS_GRAN_COLOMBIA', 'KIND_TRAIT') ,
	('QUO_TRAIT_FRIENDS_MAYA', 'KIND_TRAIT') ,
	('QUO_TRAIT_FRIENDS_ETHIOPIA', 'KIND_TRAIT');
	
	
INSERT INTO Traits 
	(TraitType,			Name,						Description,						InternalOnly)
VALUES ('QUO_TRAIT_FRIENDS_EGYPT',	'LOC_QUO_TRAIT_FRIEND_GIFT_NAME',		'LOC_QUO_TRAIT_FRIENDS_EGYPT_DESCRIPTION',		0) ,
	('QUO_TRAIT_FRIENDS_AMERICA', 'LOC_QUO_TRAIT_FRIEND_GIFT_NAME',  'LOC_QUO_TRAIT_FRIENDS_AMERICA_DESCRIPTION',  0) ,
	('QUO_TRAIT_FRIENDS_ARABIA', 'LOC_QUO_TRAIT_FRIEND_GIFT_NAME',  'LOC_QUO_TRAIT_FRIENDS_ARABIA_DESCRIPTION',  0) ,
	('QUO_TRAIT_FRIENDS_BRAZIL', 'LOC_QUO_TRAIT_FRIEND_GIFT_NAME',  'LOC_QUO_TRAIT_FRIENDS_BRAZIL_DESCRIPTION',  0) ,
	('QUO_TRAIT_FRIENDS_CHINA', 'LOC_QUO_TRAIT_FRIEND_GIFT_NAME',  'LOC_QUO_TRAIT_FRIENDS_CHINA_DESCRIPTION',  0) ,
	('QUO_TRAIT_FRIENDS_ENGLAND', 'LOC_QUO_TRAIT_FRIEND_GIFT_NAME',  'LOC_QUO_TRAIT_FRIENDS_ENGLAND_DESCRIPTION',  0) ,
	('QUO_TRAIT_FRIENDS_FRANCE', 'LOC_QUO_TRAIT_FRIEND_GIFT_NAME',  'LOC_QUO_TRAIT_FRIENDS_FRANCE_DESCRIPTION',  0) ,
	('QUO_TRAIT_FRIENDS_GERMANY', 'LOC_QUO_TRAIT_FRIEND_GIFT_NAME',  'LOC_QUO_TRAIT_FRIENDS_GERMANY_DESCRIPTION',  0) ,
	('QUO_TRAIT_FRIENDS_GREECE', 'LOC_QUO_TRAIT_FRIEND_GIFT_NAME',  'LOC_QUO_TRAIT_FRIENDS_GREECE_DESCRIPTION',  0) ,
	('QUO_TRAIT_FRIENDS_INDIA', 'LOC_QUO_TRAIT_FRIEND_GIFT_NAME',  'LOC_QUO_TRAIT_FRIENDS_INDIA_DESCRIPTION',  0) ,
	('QUO_TRAIT_FRIENDS_JAPAN', 'LOC_QUO_TRAIT_FRIEND_GIFT_NAME',  'LOC_QUO_TRAIT_FRIENDS_JAPAN_DESCRIPTION',  0) ,
	('QUO_TRAIT_FRIENDS_KONGO', 'LOC_QUO_TRAIT_FRIEND_GIFT_NAME',  'LOC_QUO_TRAIT_FRIENDS_KONGO_DESCRIPTION',  0) ,
	('QUO_TRAIT_FRIENDS_NORWAY', 'LOC_QUO_TRAIT_FRIEND_GIFT_NAME',  'LOC_QUO_TRAIT_FRIENDS_NORWAY_DESCRIPTION',  0) ,
	('QUO_TRAIT_FRIENDS_ROME', 'LOC_QUO_TRAIT_FRIEND_GIFT_NAME',  'LOC_QUO_TRAIT_FRIENDS_ROME_DESCRIPTION',  0) ,
	('QUO_TRAIT_FRIENDS_RUSSIA', 'LOC_QUO_TRAIT_FRIEND_GIFT_NAME',  'LOC_QUO_TRAIT_FRIENDS_RUSSIA_DESCRIPTION',  0) ,
	('QUO_TRAIT_FRIENDS_SCYTHIA', 'LOC_QUO_TRAIT_FRIEND_GIFT_NAME',  'LOC_QUO_TRAIT_FRIENDS_SCYTHIA_DESCRIPTION',  0) ,
	('QUO_TRAIT_FRIENDS_SPAIN', 'LOC_QUO_TRAIT_FRIEND_GIFT_NAME',  'LOC_QUO_TRAIT_FRIENDS_SPAIN_DESCRIPTION',  0) ,
	('QUO_TRAIT_FRIENDS_SUMERIA', 'LOC_QUO_TRAIT_FRIEND_GIFT_NAME',  'LOC_QUO_TRAIT_FRIENDS_SUMERIA_DESCRIPTION',  0) ,
	
	('QUO_TRAIT_FRIENDS_MONGOLIA', 'LOC_QUO_TRAIT_FRIEND_GIFT_NAME',  'LOC_QUO_TRAIT_FRIENDS_MONGOLIA_DESCRIPTION',  0) ,
	('QUO_TRAIT_FRIENDS_MAPUCHE', 'LOC_QUO_TRAIT_FRIEND_GIFT_NAME',  'LOC_QUO_TRAIT_FRIENDS_MAPUCHE_DESCRIPTION',  0) ,
	('QUO_TRAIT_FRIENDS_CREE', 'LOC_QUO_TRAIT_FRIEND_GIFT_NAME',  'LOC_QUO_TRAIT_FRIENDS_CREE_DESCRIPTION',  0) ,
	('QUO_TRAIT_FRIENDS_SCOTLAND', 'LOC_QUO_TRAIT_FRIEND_GIFT_NAME',  'LOC_QUO_TRAIT_FRIENDS_SCOTLAND_DESCRIPTION',  0) ,
	('QUO_TRAIT_FRIENDS_KOREA', 'LOC_QUO_TRAIT_FRIEND_GIFT_NAME',  'LOC_QUO_TRAIT_FRIENDS_KOREA_DESCRIPTION',  0) ,
	('QUO_TRAIT_FRIENDS_ZULU', 'LOC_QUO_TRAIT_FRIEND_GIFT_NAME',  'LOC_QUO_TRAIT_FRIENDS_ZULU_DESCRIPTION',  0) ,
	('QUO_TRAIT_FRIENDS_GEORGIA', 'LOC_QUO_TRAIT_FRIEND_GIFT_NAME',  'LOC_QUO_TRAIT_FRIENDS_GEORGIA_DESCRIPTION',  0) ,
	('QUO_TRAIT_FRIENDS_NETHERLANDS', 'LOC_QUO_TRAIT_FRIEND_GIFT_NAME',  'LOC_QUO_TRAIT_FRIENDS_NETHERLANDS_DESCRIPTION',  0) ,
	
	('QUO_TRAIT_FRIENDS_PHOENICIA', 'LOC_QUO_TRAIT_FRIEND_GIFT_NAME',  'LOC_QUO_TRAIT_FRIENDS_PHOENICIA_DESCRIPTION',  0) ,
	('QUO_TRAIT_FRIENDS_SWEDEN', 'LOC_QUO_TRAIT_FRIEND_GIFT_NAME',  'LOC_QUO_TRAIT_FRIENDS_SWEDEN_DESCRIPTION',  0) ,
	('QUO_TRAIT_FRIENDS_MAORI', 'LOC_QUO_TRAIT_FRIEND_GIFT_NAME',  'LOC_QUO_TRAIT_FRIENDS_MAORI_DESCRIPTION',  0) ,
	('QUO_TRAIT_FRIENDS_MALI', 'LOC_QUO_TRAIT_FRIEND_GIFT_NAME',  'LOC_QUO_TRAIT_FRIENDS_MALI_DESCRIPTION',  0) ,
	('QUO_TRAIT_FRIENDS_HUNGARY', 'LOC_QUO_TRAIT_FRIEND_GIFT_NAME',  'LOC_QUO_TRAIT_FRIENDS_HUNGARY_DESCRIPTION',  0) ,
	('QUO_TRAIT_FRIENDS_INCA', 'LOC_QUO_TRAIT_FRIEND_GIFT_NAME',  'LOC_QUO_TRAIT_FRIENDS_INCA_DESCRIPTION',  0) ,
	('QUO_TRAIT_FRIENDS_OTTOMAN', 'LOC_QUO_TRAIT_FRIEND_GIFT_NAME',  'LOC_QUO_TRAIT_FRIENDS_OTTOMAN_DESCRIPTION',  0) ,
	('QUO_TRAIT_FRIENDS_CANADA', 'LOC_QUO_TRAIT_FRIEND_GIFT_NAME',  'LOC_QUO_TRAIT_FRIENDS_CANADA_DESCRIPTION',  0) ,
	
	('QUO_TRAIT_FRIENDS_PERSIA', 'LOC_QUO_TRAIT_FRIEND_GIFT_NAME',  'LOC_QUO_TRAIT_FRIENDS_PERSIA_DESCRIPTION',  0) ,
	('QUO_TRAIT_FRIENDS_MACEDON', 'LOC_QUO_TRAIT_FRIEND_GIFT_NAME',  'LOC_QUO_TRAIT_FRIENDS_MACEDON_DESCRIPTION',  0) ,
	('QUO_TRAIT_FRIENDS_NUBIA', 'LOC_QUO_TRAIT_FRIEND_GIFT_NAME',  'LOC_QUO_TRAIT_FRIENDS_NUBIA_DESCRIPTION',  0) ,
	('QUO_TRAIT_FRIENDS_POLAND', 'LOC_QUO_TRAIT_FRIEND_GIFT_NAME',  'LOC_QUO_TRAIT_FRIENDS_POLAND_DESCRIPTION',  0) ,
	('QUO_TRAIT_FRIENDS_AZTEC', 'LOC_QUO_TRAIT_FRIEND_GIFT_NAME',  'LOC_QUO_TRAIT_FRIENDS_AZTEC_DESCRIPTION',  0) ,
	('QUO_TRAIT_FRIENDS_AUSTRALIA', 'LOC_QUO_TRAIT_FRIEND_GIFT_NAME',  'LOC_QUO_TRAIT_FRIENDS_AUSTRALIA_DESCRIPTION',  0) ,
	('QUO_TRAIT_FRIENDS_INDONESIA', 'LOC_QUO_TRAIT_FRIEND_GIFT_NAME',  'LOC_QUO_TRAIT_FRIENDS_INDONESIA_DESCRIPTION',  0) ,
	('QUO_TRAIT_FRIENDS_KHMER', 'LOC_QUO_TRAIT_FRIEND_GIFT_NAME',  'LOC_QUO_TRAIT_FRIENDS_KHMER_DESCRIPTION',  0) ,
	
	('QUO_TRAIT_FRIENDS_GRAN_COLOMBIA', 'LOC_QUO_TRAIT_FRIEND_GIFT_NAME',  'LOC_QUO_TRAIT_FRIENDS_GRAN_COLOMBIA_DESCRIPTION',  0) ,
	('QUO_TRAIT_FRIENDS_MAYA', 'LOC_QUO_TRAIT_FRIEND_GIFT_NAME',  'LOC_QUO_TRAIT_FRIENDS_MAYA_DESCRIPTION',  0) ,
	('QUO_TRAIT_FRIENDS_ETHIOPIA', 'LOC_QUO_TRAIT_FRIEND_GIFT_NAME',  'LOC_QUO_TRAIT_FRIENDS_ETHIOPIA_DESCRIPTION',  0) ;
	
	



INSERT INTO CivilizationTraits 
	(CivilizationType, 		TraitType)
VALUES ('CIVILIZATION_EGYPT',	'QUO_TRAIT_FRIENDS_EGYPT'), 
	('CIVILIZATION_AMERICA', 'QUO_TRAIT_FRIENDS_AMERICA') ,
	('CIVILIZATION_ARABIA', 'QUO_TRAIT_FRIENDS_ARABIA') ,
	('CIVILIZATION_BRAZIL', 'QUO_TRAIT_FRIENDS_BRAZIL') ,
	('CIVILIZATION_CHINA', 'QUO_TRAIT_FRIENDS_CHINA') ,
	('CIVILIZATION_ENGLAND', 'QUO_TRAIT_FRIENDS_ENGLAND') ,
	('CIVILIZATION_FRANCE', 'QUO_TRAIT_FRIENDS_FRANCE') ,
	('CIVILIZATION_GERMANY', 'QUO_TRAIT_FRIENDS_GERMANY') ,
	('CIVILIZATION_GREECE', 'QUO_TRAIT_FRIENDS_GREECE') ,
	('CIVILIZATION_INDIA', 'QUO_TRAIT_FRIENDS_INDIA') ,
	('CIVILIZATION_JAPAN', 'QUO_TRAIT_FRIENDS_JAPAN') ,
	('CIVILIZATION_KONGO', 'QUO_TRAIT_FRIENDS_KONGO') ,
	('CIVILIZATION_NORWAY', 'QUO_TRAIT_FRIENDS_NORWAY') ,
	('CIVILIZATION_ROME', 'QUO_TRAIT_FRIENDS_ROME') ,
	('CIVILIZATION_RUSSIA', 'QUO_TRAIT_FRIENDS_RUSSIA') ,
	('CIVILIZATION_SCYTHIA', 'QUO_TRAIT_FRIENDS_SCYTHIA') ,
	('CIVILIZATION_SPAIN', 'QUO_TRAIT_FRIENDS_SPAIN') ,
	('CIVILIZATION_SUMERIA', 'QUO_TRAIT_FRIENDS_SUMERIA') ,
	
	('CIVILIZATION_MONGOLIA', 'QUO_TRAIT_FRIENDS_MONGOLIA') ,
	('CIVILIZATION_MAPUCHE', 'QUO_TRAIT_FRIENDS_MAPUCHE') ,
	('CIVILIZATION_CREE', 'QUO_TRAIT_FRIENDS_CREE') ,
	('CIVILIZATION_SCOTLAND', 'QUO_TRAIT_FRIENDS_SCOTLAND') ,
	('CIVILIZATION_KOREA', 'QUO_TRAIT_FRIENDS_KOREA') ,
	('CIVILIZATION_ZULU', 'QUO_TRAIT_FRIENDS_ZULU') ,
	('CIVILIZATION_GEORGIA', 'QUO_TRAIT_FRIENDS_GEORGIA') ,
	('CIVILIZATION_NETHERLANDS', 'QUO_TRAIT_FRIENDS_NETHERLANDS') ,

	('CIVILIZATION_PHOENICIA', 'QUO_TRAIT_FRIENDS_PHOENICIA') ,
	('CIVILIZATION_SWEDEN', 'QUO_TRAIT_FRIENDS_SWEDEN') ,
	('CIVILIZATION_MAORI', 'QUO_TRAIT_FRIENDS_MAORI') ,
	('CIVILIZATION_MALI', 'QUO_TRAIT_FRIENDS_MALI') ,
	('CIVILIZATION_HUNGARY', 'QUO_TRAIT_FRIENDS_HUNGARY') ,
	('CIVILIZATION_INCA', 'QUO_TRAIT_FRIENDS_INCA') ,
	('CIVILIZATION_OTTOMAN', 'QUO_TRAIT_FRIENDS_OTTOMAN') ,
	('CIVILIZATION_CANADA', 'QUO_TRAIT_FRIENDS_CANADA') ;

	
	--dont assign dlc civs here, handle them one by one after checking to be sure they are installed
/* 	('CIVILIZATION_PERSIA', 'QUO_TRAIT_FRIENDS_PERSIA') ,
	('CIVILIZATION_MACEDON', 'QUO_TRAIT_FRIENDS_MACEDON') ,
	('CIVILIZATION_NUBIA', 'QUO_TRAIT_FRIENDS_NUBIA') ,
	('CIVILIZATION_POLAND', 'QUO_TRAIT_FRIENDS_POLAND') ,
	('CIVILIZATION_AZTEC', 'QUO_TRAIT_FRIENDS_AZTEC') ,
	('CIVILIZATION_INDONESIA', 'QUO_TRAIT_FRIENDS_INDONESIA') ,
	('CIVILIZATION_KHMER', 'QUO_TRAIT_FRIENDS_KHMER')  */;


INSERT INTO Requirements
	(RequirementId, 		RequirementType, 	Likeliness,	Inverse, 	Triggered)
VALUES	('QUO_REQ_FRIEND_WRAPPER', 		'REQUIREMENT_REQUIREMENTSET_IS_MET',	0,0,0) ,
		('QUO_REQ_SPECIAL_WAR_WRAPPER', 		'REQUIREMENT_REQUIREMENTSET_IS_MET',	0,0,0) ,
		('QUO_REQ_SPECIAL_WAR_HAS_TRAIT', 		'REQUIREMENT_PLAYER_HAS_CIVILIZATION_OR_LEADER_TRAIT',	0,0,0) ;
		

-- Reuses Firaxis created PLAYER_DECLARED_FRIEND
INSERT INTO RequirementArguments 
	(RequirementId,			Name, 			Type, 			Value, 				Extra, 	SecondExtra)
VALUES 	('QUO_REQ_FRIEND_WRAPPER',	'RequirementSetId',		'ARGTYPE_IDENTITY',	'PLAYER_DECLARED_FRIEND',	NULL,	NULL 	) ,
		('QUO_REQ_SPECIAL_WAR_WRAPPER',	'RequirementSetId',		'ARGTYPE_IDENTITY',	'QUO_REQSET_PLAYER_DECLARED_SPECIAL_WAR',	NULL,	NULL 	) ,
		
		-- Note the reference to QUO_TRAIT_BIOME_ROMANESQUE defined in Quo_Biome_Code
		('QUO_REQ_SPECIAL_WAR_HAS_TRAIT',	'TraitType',		'ARGTYPE_IDENTITY',	'QUO_TRAIT_BIOME_ROMANESQUE',	NULL,	NULL 	) ;


INSERT INTO RequirementSets 
	(RequirementSetId, 		RequirementSetType)
VALUES 	('QUO_REQSET_FRIEND_NUBIA_RANGED', 	'REQUIREMENTSET_TEST_ALL') ,
		('QUO_REQSET_FRIEND_INDONESIA_PLOT_GETS_FAITH', 	'REQUIREMENTSET_TEST_ALL') ,
		
		('QUO_REQSET_PLAYER_DECLARED_SPECIAL_WAR', 	'REQUIREMENTSET_TEST_ALL') ,
		('QUO_REQSET_FRIEND_OR_SPECIAL_FOE', 	'REQUIREMENTSET_TEST_ANY') ;

INSERT INTO RequirementSetRequirements
	(RequirementSetId,	RequirementId)
VALUES	('QUO_REQSET_FRIEND_NUBIA_RANGED', 	'REQUIREMENT_UNIT_IS_RANGED') ,
		('QUO_REQSET_FRIEND_INDONESIA_PLOT_GETS_FAITH', 	'REQUIRES_DISTRICT_IS_CITY_CENTER') ,
		('QUO_REQSET_FRIEND_INDONESIA_PLOT_GETS_FAITH', 	'REQUIRES_PLOT_IS_ADJACENT_TO_COAST') ,
		
		('QUO_REQSET_PLAYER_DECLARED_SPECIAL_WAR', 	'REQUIRES_MAJOR_CIV_OPPONENT') ,
		('QUO_REQSET_PLAYER_DECLARED_SPECIAL_WAR', 	'REQUIRES_PLAYERS_HAVE_MET') ,
		('QUO_REQSET_PLAYER_DECLARED_SPECIAL_WAR', 	'REQUIRES_PLAYER_DECLARED_WAR') ,
		('QUO_REQSET_PLAYER_DECLARED_SPECIAL_WAR', 	'QUO_REQ_SPECIAL_WAR_HAS_TRAIT') ,
		
		('QUO_REQSET_FRIEND_OR_SPECIAL_FOE', 	'QUO_REQ_FRIEND_WRAPPER') ,
		('QUO_REQSET_FRIEND_OR_SPECIAL_FOE', 	'QUO_REQ_SPECIAL_WAR_WRAPPER') ;


INSERT INTO Modifiers 
	(ModifierId, ModifierType, RunOnce, Permanent, OwnerRequirementSetId, SubjectRequirementSetId)
VALUES	('QUO_FRIENDS_EGYPT_GLOBAL', 'MODIFIER_ALL_PLAYERS_ATTACH_MODIFIER', 0, 0, NULL, 'QUO_REQSET_FRIEND_OR_SPECIAL_FOE') ,
	('QUO_FRIENDS_AMERICA_GLOBAL', 'MODIFIER_ALL_PLAYERS_ATTACH_MODIFIER', 0, 0, NULL, 'QUO_REQSET_FRIEND_OR_SPECIAL_FOE') ,
	('QUO_FRIENDS_ARABIA_GLOBAL', 'MODIFIER_ALL_PLAYERS_ATTACH_MODIFIER', 0, 0, NULL, 'QUO_REQSET_FRIEND_OR_SPECIAL_FOE') ,
	('QUO_FRIENDS_ARABIA_GLOBAL_GPP', 'MODIFIER_ALL_PLAYERS_ATTACH_MODIFIER', 0, 0, NULL, 'QUO_REQSET_FRIEND_OR_SPECIAL_FOE') ,
	('QUO_FRIENDS_BRAZIL_GLOBAL', 'MODIFIER_ALL_PLAYERS_ATTACH_MODIFIER', 0, 0, NULL, 'QUO_REQSET_FRIEND_OR_SPECIAL_FOE') ,
	('QUO_FRIENDS_CHINA_GLOBAL', 'MODIFIER_ALL_PLAYERS_ATTACH_MODIFIER', 0, 0, NULL, 'QUO_REQSET_FRIEND_OR_SPECIAL_FOE') ,
	('QUO_FRIENDS_ENGLAND_GLOBAL', 'MODIFIER_ALL_PLAYERS_ATTACH_MODIFIER', 0, 0, NULL, 'QUO_REQSET_FRIEND_OR_SPECIAL_FOE') ,
	('QUO_FRIENDS_FRANCE_GLOBAL', 'MODIFIER_ALL_PLAYERS_ATTACH_MODIFIER', 0, 0, NULL, 'QUO_REQSET_FRIEND_OR_SPECIAL_FOE') ,
	('QUO_FRIENDS_GERMANY_GLOBAL', 'MODIFIER_ALL_PLAYERS_ATTACH_MODIFIER', 0, 0, NULL, 'QUO_REQSET_FRIEND_OR_SPECIAL_FOE') ,
	('QUO_FRIENDS_GREECE_GLOBAL', 'MODIFIER_ALL_PLAYERS_ATTACH_MODIFIER', 0, 0, NULL, 'QUO_REQSET_FRIEND_OR_SPECIAL_FOE') ,
	('QUO_FRIENDS_INDIA_GLOBAL', 'MODIFIER_ALL_PLAYERS_ATTACH_MODIFIER', 0, 0, NULL, 'QUO_REQSET_FRIEND_OR_SPECIAL_FOE') ,
	('QUO_FRIENDS_JAPAN_GLOBAL', 'MODIFIER_ALL_PLAYERS_ATTACH_MODIFIER', 0, 0, NULL, 'QUO_REQSET_FRIEND_OR_SPECIAL_FOE') ,
	('QUO_FRIENDS_KONGO_GLOBAL', 'MODIFIER_ALL_PLAYERS_ATTACH_MODIFIER', 0, 0, NULL, 'QUO_REQSET_FRIEND_OR_SPECIAL_FOE') ,
	('QUO_FRIENDS_NORWAY_GLOBAL', 'MODIFIER_ALL_PLAYERS_ATTACH_MODIFIER', 0, 0, NULL, 'QUO_REQSET_FRIEND_OR_SPECIAL_FOE') ,
	('QUO_FRIENDS_ROME_GLOBAL', 'MODIFIER_ALL_PLAYERS_ATTACH_MODIFIER', 0, 0, NULL, 'QUO_REQSET_FRIEND_OR_SPECIAL_FOE') ,
	('QUO_FRIENDS_RUSSIA_GLOBAL', 'MODIFIER_ALL_PLAYERS_ATTACH_MODIFIER', 0, 0, NULL, 'QUO_REQSET_FRIEND_OR_SPECIAL_FOE') ,
	('QUO_FRIENDS_SCYTHIA_GLOBAL', 'MODIFIER_ALL_PLAYERS_ATTACH_MODIFIER', 0, 0, NULL, 'QUO_REQSET_FRIEND_OR_SPECIAL_FOE') ,
	('QUO_FRIENDS_SPAIN_GLOBAL', 'MODIFIER_ALL_PLAYERS_ATTACH_MODIFIER', 0, 0, NULL, 'QUO_REQSET_FRIEND_OR_SPECIAL_FOE') ,
	('QUO_FRIENDS_SUMERIA_GLOBAL', 'MODIFIER_ALL_PLAYERS_ATTACH_MODIFIER', 0, 0, NULL, 'QUO_REQSET_FRIEND_OR_SPECIAL_FOE') ,
	
	-- expansion 1
	('QUO_FRIENDS_CREE_GLOBAL', 'MODIFIER_ALL_PLAYERS_ATTACH_MODIFIER', 0, 0, NULL, 'QUO_REQSET_FRIEND_OR_SPECIAL_FOE') ,
	('QUO_FRIENDS_GEORGIA_GLOBAL', 'MODIFIER_ALL_PLAYERS_ATTACH_MODIFIER', 0, 0, NULL, 'QUO_REQSET_FRIEND_OR_SPECIAL_FOE') ,
 	('QUO_FRIENDS_KOREA_GLOBAL', 'MODIFIER_ALL_PLAYERS_ATTACH_MODIFIER', 0, 0, NULL, 'QUO_REQSET_FRIEND_OR_SPECIAL_FOE') ,
	('QUO_FRIENDS_MAPUCHE_GLOBAL', 'MODIFIER_ALL_PLAYERS_ATTACH_MODIFIER', 0, 0, NULL, 'QUO_REQSET_FRIEND_OR_SPECIAL_FOE') ,
	('QUO_FRIENDS_MONGOLIA_GLOBAL', 'MODIFIER_ALL_PLAYERS_ATTACH_MODIFIER', 0, 0, NULL, 'QUO_REQSET_FRIEND_OR_SPECIAL_FOE') ,
	('QUO_FRIENDS_NETHERLANDS_GLOBAL', 'MODIFIER_ALL_PLAYERS_ATTACH_MODIFIER', 0, 0, NULL, 'QUO_REQSET_FRIEND_OR_SPECIAL_FOE') ,
	('QUO_FRIENDS_SCOTLAND_GLOBAL', 'MODIFIER_ALL_PLAYERS_ATTACH_MODIFIER', 0, 0, NULL, 'QUO_REQSET_FRIEND_OR_SPECIAL_FOE') ,
	('QUO_FRIENDS_ZULU_GLOBAL', 'MODIFIER_ALL_PLAYERS_ATTACH_MODIFIER', 0, 0, NULL, 'QUO_REQSET_FRIEND_OR_SPECIAL_FOE') ,
	
	--DLC
	('QUO_FRIENDS_AZTEC_GLOBAL', 'MODIFIER_ALL_PLAYERS_ATTACH_MODIFIER', 0, 0, NULL, 'QUO_REQSET_FRIEND_OR_SPECIAL_FOE') ,
	('QUO_FRIENDS_POLAND_GLOBAL', 'MODIFIER_ALL_PLAYERS_ATTACH_MODIFIER', 0, 0, NULL, 'QUO_REQSET_FRIEND_OR_SPECIAL_FOE') ,
 	('QUO_FRIENDS_AUSTRALIA_GLOBAL', 'MODIFIER_ALL_PLAYERS_ATTACH_MODIFIER', 0, 0, NULL, 'QUO_REQSET_FRIEND_OR_SPECIAL_FOE') ,
	('QUO_FRIENDS_PERSIA_GLOBAL', 'MODIFIER_ALL_PLAYERS_ATTACH_MODIFIER', 0, 0, NULL, 'QUO_REQSET_FRIEND_OR_SPECIAL_FOE') ,
	('QUO_FRIENDS_MACEDON_GLOBAL', 'MODIFIER_ALL_PLAYERS_ATTACH_MODIFIER', 0, 0, NULL, 'QUO_REQSET_FRIEND_OR_SPECIAL_FOE') ,
	('QUO_FRIENDS_NUBIA_GLOBAL', 'MODIFIER_ALL_PLAYERS_ATTACH_MODIFIER', 0, 0, NULL, 'QUO_REQSET_FRIEND_OR_SPECIAL_FOE') ,
	('QUO_FRIENDS_KHMER_GLOBAL', 'MODIFIER_ALL_PLAYERS_ATTACH_MODIFIER', 0, 0, NULL, 'QUO_REQSET_FRIEND_OR_SPECIAL_FOE') ,
	('QUO_FRIENDS_INDONESIA_GLOBAL', 'MODIFIER_ALL_PLAYERS_ATTACH_MODIFIER', 0, 0, NULL, 'QUO_REQSET_FRIEND_OR_SPECIAL_FOE') ,
	
	-- DLC 2
	('QUO_FRIENDS_MAORI_GLOBAL', 'MODIFIER_ALL_PLAYERS_ATTACH_MODIFIER', 0, 0, NULL, 'QUO_REQSET_FRIEND_OR_SPECIAL_FOE') ,
	('QUO_FRIENDS_MAORI_GLOBAL_JUNGLE', 'MODIFIER_ALL_PLAYERS_ATTACH_MODIFIER', 0, 0, NULL, 'QUO_REQSET_FRIEND_OR_SPECIAL_FOE') ,
	('QUO_FRIENDS_MALI_GLOBAL', 'MODIFIER_ALL_PLAYERS_ATTACH_MODIFIER', 0, 0, NULL, 'QUO_REQSET_FRIEND_OR_SPECIAL_FOE') ,
 	('QUO_FRIENDS_OTTOMAN_GLOBAL', 'MODIFIER_ALL_PLAYERS_ATTACH_MODIFIER', 0, 0, NULL, 'QUO_REQSET_FRIEND_OR_SPECIAL_FOE') ,
	('QUO_FRIENDS_PHOENICIA_GLOBAL', 'MODIFIER_ALL_PLAYERS_ATTACH_MODIFIER', 0, 0, NULL, 'QUO_REQSET_FRIEND_OR_SPECIAL_FOE') ,
	('QUO_FRIENDS_HUNGARY_GLOBAL', 'MODIFIER_ALL_PLAYERS_ATTACH_MODIFIER', 0, 0, NULL, 'QUO_REQSET_FRIEND_OR_SPECIAL_FOE') ,
	('QUO_FRIENDS_SWEDEN_GLOBAL', 'MODIFIER_ALL_PLAYERS_ATTACH_MODIFIER', 0, 0, NULL, 'QUO_REQSET_FRIEND_OR_SPECIAL_FOE') ,
	('QUO_FRIENDS_INCA_GLOBAL', 'MODIFIER_ALL_PLAYERS_ATTACH_MODIFIER', 0, 0, NULL, 'QUO_REQSET_FRIEND_OR_SPECIAL_FOE') ,
	('QUO_FRIENDS_CANADA_GLOBAL', 'MODIFIER_ALL_PLAYERS_ATTACH_MODIFIER', 0, 0, NULL, 'QUO_REQSET_FRIEND_OR_SPECIAL_FOE') ,
	
	-- bonuses

	-- america lowers tile purchase costs. this ability was coded out in v3.0, restored in v3.1
	('QUO_FRIENDS_AMERICA_BONUS', 'MODIFIER_PLAYER_CITIES_ADJUST_PLOT_PURCHASE_COST', 0, 0, NULL, NULL) ,

	-- arabia provides +8 science in capital	
	-- changed in v3.09.3 to +5% science in the empire and free Great Prophet points
	-- in v5.0.4 made the bonus science apply only to cities with a holy site
	('QUO_FRIENDS_ARABIA_BONUS', 'MODIFIER_PLAYER_CITIES_ADJUST_CITY_YIELD_MODIFIER', 0, 0, NULL, 'CITY_HAS_HOLY_SITE') ,
	('QUO_FRIENDS_ARABIA_BONUS_GPP', 'MODIFIER_PLAYER_ADJUST_GREAT_PERSON_POINTS', 0, 0, NULL, NULL) ,

	-- brazil refunds great person points
	('QUO_FRIENDS_BRAZIL_BONUS', 'MODIFIER_PLAYER_CITIES_ADJUST_DISTRICT_PRODUCTION', 0, 0, NULL, NULL) ,

	-- china gives extra builder charges
	('QUO_FRIENDS_CHINA_BONUS', 'MODIFIER_PLAYER_UNITS_ADJUST_BUILDER_CHARGES', 0, 0, NULL, NULL) ,

	-- england as of v3.1 reduces cost of Harbors by 25%, changed from bonus gold in the capital
	-- ('QUO_FRIENDS_ENGLAND_BONUS', 'MODIFIER_PLAYER_CAPITAL_CITY_ADJUST_CITY_YIELD_CHANGE', 0, 0, NULL, NULL) ,
	('QUO_FRIENDS_ENGLAND_BONUS', 'MODIFIER_PLAYER_CITIES_ADJUST_DISTRICT_PRODUCTION', 0, 0, NULL, NULL) ,

	-- france gives chateaus
	('QUO_FRIENDS_FRANCE_BONUS', 'MODIFIER_PLAYER_ADJUST_VALID_IMPROVEMENT', 0, 0, NULL, NULL) ,

	-- germany in v3.1 reduces cost of industrial zones by 25%, changed from +1 production in all cities
	-- ('QUO_FRIENDS_GERMANY_BONUS', 'MODIFIER_PLAYER_CITIES_ADJUST_CITY_YIELD_CHANGE', 0, 0, NULL, NULL) ,
	('QUO_FRIENDS_GERMANY_BONUS', 'MODIFIER_PLAYER_CITIES_ADJUST_DISTRICT_PRODUCTION', 0, 0, NULL, NULL) ,

	-- greece gives additional influence per turn
	('QUO_FRIENDS_GREECE_BONUS', 	'MODIFIER_PLAYER_ADJUST_INFLUENCE_POINTS_PER_TURN', 	0, 	0, 		NULL,			NULL) ,

	-- india lets you build stepwells
	('QUO_FRIENDS_INDIA_BONUS', 	'MODIFIER_PLAYER_ADJUST_VALID_IMPROVEMENT', 	0, 		0, 		NULL, 			NULL) ,

	-- japan speeds up Encampment build speed
	('QUO_FRIENDS_JAPAN_BONUS', 'MODIFIER_PLAYER_CITIES_ADJUST_DISTRICT_PRODUCTION', 0, 0, NULL, NULL) ,

	-- +1 food in all cities
	-- in v5.0.4 added made this all cities with holy sites
	('QUO_FRIENDS_KONGO_BONUS', 'MODIFIER_PLAYER_CITIES_ADJUST_CITY_YIELD_CHANGE', 0, 0, NULL, 'CITY_HAS_HOLY_SITE') ,

	-- norway allows ships to heal
	('QUO_FRIENDS_NORWAY_BONUS', 'MODIFIER_PLAYER_UNITS_GRANT_ABILITY', 0, 0, NULL, NULL) ,

	-- rome grants the free road ability
	('QUO_FRIENDS_ROME_BONUS', 'MODIFIER_PLAYER_CITIES_GRANT_ROAD_TO_CAPITAL', 0, 0, NULL, NULL) ,

	-- russia causes border bursts on founding a city
	('QUO_FRIENDS_RUSSIA_BONUS', 'MODIFIER_PLAYER_ADJUST_CITY_TILES', 0, 0, NULL, NULL) ,

	-- scythia lets your units heal on kill
	('QUO_FRIENDS_SCYTHIA_BONUS', 'MODIFIER_PLAYER_UNITS_ADJUST_HEAL_FROM_COMBAT', 0, 0, NULL, NULL) ,

	-- spain lets you build missions
	('QUO_FRIENDS_SPAIN_BONUS', 'MODIFIER_PLAYER_ADJUST_VALID_IMPROVEMENT', 0, 0, NULL, NULL) ,

	-- sumeria allows construction of ziggurats
	('QUO_FRIENDS_SUMERIA_BONUS', 'MODIFIER_PLAYER_ADJUST_VALID_IMPROVEMENT', 0, 0, NULL, NULL) ,

	-- egypt gives extra trade routes
	-- changed for rise and fall to providing Sphinxes
	('QUO_FRIENDS_EGYPT_BONUS', 'MODIFIER_PLAYER_ADJUST_VALID_IMPROVEMENT', 0, 0, NULL, NULL) ,

	
	-- EXPANSION 1
		
	-- Korea provides bonus science in cities with a governor
	('QUO_FRIENDS_KOREA_BONUS', 'MODIFIER_PLAYER_CITIES_ADJUST_CITY_YIELD_MODIFIER', 0, 0, NULL, 'CITY_HAS_GOVERNOR') ,

	-- Cree allow you to capture tiles with Traders
	('QUO_FRIENDS_CREE_BONUS', 'MODIFIER_PLAYER_ADJUST_TRADE_ROUTE_CAPACITY', 0, 0, NULL, NULL) ,
	
	-- Georgia provides an additional influence token 
	-- Changed in v6.0.1 to increasing city defenses
	('QUO_FRIENDS_GEORGIA_BONUS', 'MODIFIER_PLAYER_CITIES_ADJUST_OUTER_DEFENSE', 0, 0, NULL, NULL) ,
	
	-- Mapuche provide a Combat Bonus against opponents in a Golden Age
	('QUO_FRIENDS_MAPUCHE_BONUS', 'MODIFIER_PLAYER_UNITS_ADJUST_COMBAT_STRENGTH', 0, 0, NULL, 'OPPONENT_IS_IN_GOLDEN_AGE_REQUIREMENTS') ,
	
	-- Mongolia provides a combat bonus to cavalry
	('QUO_FRIENDS_MONGOLIA_BONUS', 'MODIFIER_PLAYER_UNITS_ADJUST_COMBAT_STRENGTH', 0, 0, NULL, 'REQUIREMENTS_UNIT_IS_MONGOLIAN_CAVALRY') ,
	
	-- Netherlands provide loyalty from trade routes
	('QUO_FRIENDS_NETHERLANDS_BONUS', 'MODIFIER_PLAYER_ADJUST_PLAYER_IDENTITY_PER_TURN_FOR_DOMESTIC_TRADE_ROUTE_ORIGIN', 0, 0, NULL, NULL) ,
	
	-- Scotland provides a production bonus in esctatic cities
	('QUO_FRIENDS_SCOTLAND_BONUS', 'MODIFIER_PLAYER_CITIES_ADJUST_HAPPINESS_YIELD', 0, 0, NULL, NULL) ,
	
	-- Zulu allow cities with garrisons to gain +1 Loyalty per turn
	-- note typo in the requirementset name. this is deliberate (firaxis error)
	('QUO_FRIENDS_ZULU_BONUS', 'MODIFIER_PLAYER_CITIES_ADJUST_IDENTITY_PER_TURN', 0, 0, NULL, 'CITY_HAS_GARRISON_UNIT_REQUIERMENT') ,
	
	
	-- EXPANSION 2
	
	-- Maori provide +1 production from unimproved Woods
	('QUO_FRIENDS_MAORI_BONUS', 'MODIFIER_PLAYER_CAPITAL_CITY_ADJUST_BUILDING_HOUSING', 0, 0, NULL, NULL) ,
	
	-- Sweden allows construction of open air museums
	('QUO_FRIENDS_SWEDEN_BONUS', 'MODIFIER_PLAYER_ADJUST_VALID_IMPROVEMENT', 0, 0, NULL, NULL) ,
	
	-- Mali increases hammers towards Commercial districts
	('QUO_FRIENDS_MALI_BONUS', 'MODIFIER_PLAYER_CITIES_ADJUST_DISTRICT_PRODUCTION', 0, 0, NULL, NULL) ,
	
	-- Hungary reduces cost of districts across a river
	('QUO_FRIENDS_HUNGARY_BONUS', 'MODIFIER_PLAYER_CITIES_ADJUST_DISTRICT_PRODUCTION', 0, 0, NULL, NULL) ,
	
	-- Inca allows you to construct tunnels
	('QUO_FRIENDS_INCA_BONUS', 'MODIFIER_PLAYER_ADJUST_VALID_IMPROVEMENT', 0, 0, NULL, NULL) ,
	
	-- Phoenicia provides bonus production in the city with a govt districts
	('QUO_FRIENDS_PHOENICIA_BONUS', 'MODIFIER_PLAYER_CITIES_ADJUST_DISTRICT_PRODUCTION_MODIFIER', 0, 0, NULL, 'CITY_HAS_GOV_DISTRICT') ,
	
	-- Ottomans grant bonus damage from siege units
	('QUO_FRIENDS_OTTOMAN_BONUS', 'MODIFIER_PLAYER_UNITS_GRANT_ABILITY', 0, 0, NULL, NULL) ,
	
	-- Canada allows you to construct hockey rinks
	('QUO_FRIENDS_CANADA_BONUS', 'MODIFIER_PLAYER_ADJUST_VALID_IMPROVEMENT', 0, 0, NULL, NULL) ,
	

	-- DLC Civs

	--  Aztec gives bonus attack strength
	('QUO_FRIENDS_AZTEC_BONUS', 'MODIFIER_PLAYER_UNITS_ADJUST_COMBAT_STRENGTH', 0, 0, NULL, NULL) ,

	-- Poland makes Encampments culture bomb 
	('QUO_FRIENDS_POLAND_BONUS', 'MODIFIER_PLAYER_ADD_CULTURE_BOMB_TRIGGER', 0, 0, NULL, NULL) ,

	-- Australia enables Outback Stations 
	('QUO_FRIENDS_AUSTRALIA_BONUS', 'MODIFIER_PLAYER_ADJUST_VALID_IMPROVEMENT', 0, 0, NULL, NULL) ,
	
	-- Macedon lowers war weariness
	('QUO_FRIENDS_MACEDON_BONUS', 'MODIFIER_PLAYER_ADJUST_WAR_WEARINESS', 0, 0, NULL, NULL) ,
	
	-- Persia grants extra gold for internal trade routes
	('QUO_FRIENDS_PERSIA_BONUS', 'MODIFIER_PLAYER_ADJUST_TRADE_ROUTE_YIELD_FOR_DOMESTIC', 0, 0, NULL, NULL) ,
	
	-- Nubia provides Archer bonuses
	('QUO_FRIENDS_NUBIA_BONUS', 'MODIFIER_PLAYER_UNITS_ADJUST_UNIT_EXPERIENCE_MODIFIER', 0, 0, NULL, 'QUO_REQSET_FRIEND_NUBIA_RANGED') ,
	
	-- Khmer increases production toward aqueducts
	('QUO_FRIENDS_KHMER_BONUS', 'MODIFIER_PLAYER_CITIES_ADJUST_DISTRICT_PRODUCTION', 0, 0, NULL, NULL) ,

	-- Indonesia provides Faith for city centers on coast
	('QUO_FRIENDS_INDONESIA_BONUS', 'MODIFIER_PLAYER_DISTRICTS_ADJUST_YIELD_CHANGE', 0, 0, NULL, 'QUO_REQSET_FRIEND_INDONESIA_PLOT_GETS_FAITH') ,
	
	-- GRAN COLOMBIA BUILD HACIENDA
	('QUO_FRIENDS_GRAN_COLOMBIA_BONUS', 'MODIFIER_PLAYER_ADJUST_VALID_IMPROVEMENT', 0, 0, NULL, NULL) ,
	
	--MAYA combat bonus near capital
	-- REMOVED FROM GAME due to crashes when Maya not installed
	--('QUO_FRIENDS_MAYA_BONUS', 'MODIFIER_PLAYER_UNITS_GRANT_ABILITY_GRANCOLOMBIA_MAYA', 0, 0, NULL, NULL) ,
	
	-- ETHIOPIA build rock hewn church
	('QUO_FRIENDS_ETHIOPIA_BONUS', 'MODIFIER_PLAYER_ADJUST_VALID_IMPROVEMENT', 0, 0, NULL, NULL) ;
	
	

	




INSERT INTO ModifierArguments
	(ModifierId, 			Name, 		Type, 			Value, 			Extra, 	SecondExtra)
VALUES	('QUO_FRIENDS_EGYPT_GLOBAL', 	'ModifierId', 	'ARGTYPE_IDENTITY', 	'QUO_FRIENDS_EGYPT_BONUS',			NULL, 	NULL),

	-- as of v3.1, america has changed from extra sight ability to tile discount ability
	('QUO_FRIENDS_AMERICA_GLOBAL',  'ModifierId',  'ARGTYPE_IDENTITY',  'QUO_FRIENDS_AMERICA_BONUS',   NULL,  NULL),
	('QUO_FRIENDS_ARABIA_GLOBAL',  'ModifierId',  'ARGTYPE_IDENTITY',  'QUO_FRIENDS_ARABIA_BONUS',   NULL,  NULL),
	('QUO_FRIENDS_ARABIA_GLOBAL_GPP',  'ModifierId',  'ARGTYPE_IDENTITY',  'QUO_FRIENDS_ARABIA_BONUS_GPP',   NULL,  NULL),
	('QUO_FRIENDS_BRAZIL_GLOBAL',  'ModifierId',  'ARGTYPE_IDENTITY',  'QUO_FRIENDS_BRAZIL_BONUS',   NULL,  NULL),
	('QUO_FRIENDS_CHINA_GLOBAL',  'ModifierId',  'ARGTYPE_IDENTITY',  'QUO_FRIENDS_CHINA_BONUS',   NULL,  NULL),
	('QUO_FRIENDS_ENGLAND_GLOBAL',  'ModifierId',  'ARGTYPE_IDENTITY',  'QUO_FRIENDS_ENGLAND_BONUS',   NULL,  NULL),
	('QUO_FRIENDS_FRANCE_GLOBAL',  'ModifierId',  'ARGTYPE_IDENTITY',  'QUO_FRIENDS_FRANCE_BONUS',   NULL,  NULL),
	('QUO_FRIENDS_GERMANY_GLOBAL',  'ModifierId',  'ARGTYPE_IDENTITY',  'QUO_FRIENDS_GERMANY_BONUS',   NULL,  NULL),
	('QUO_FRIENDS_GREECE_GLOBAL',  'ModifierId',  'ARGTYPE_IDENTITY',  'QUO_FRIENDS_GREECE_BONUS',   NULL,  NULL),
	('QUO_FRIENDS_INDIA_GLOBAL',  'ModifierId',  'ARGTYPE_IDENTITY',  'QUO_FRIENDS_INDIA_BONUS',   NULL,  NULL),
	('QUO_FRIENDS_JAPAN_GLOBAL',  'ModifierId',  'ARGTYPE_IDENTITY',  'QUO_FRIENDS_JAPAN_BONUS',   NULL,  NULL),
	('QUO_FRIENDS_KONGO_GLOBAL',  'ModifierId',  'ARGTYPE_IDENTITY',  'QUO_FRIENDS_KONGO_BONUS',   NULL,  NULL),
	('QUO_FRIENDS_NORWAY_GLOBAL',  'ModifierId',  'ARGTYPE_IDENTITY',  'QUO_FRIENDS_NORWAY_BONUS',   NULL,  NULL),
	('QUO_FRIENDS_ROME_GLOBAL',  'ModifierId',  'ARGTYPE_IDENTITY',  'QUO_FRIENDS_ROME_BONUS',   NULL,  NULL),
	('QUO_FRIENDS_RUSSIA_GLOBAL',  'ModifierId',  'ARGTYPE_IDENTITY',  'QUO_FRIENDS_RUSSIA_BONUS',   NULL,  NULL),
	('QUO_FRIENDS_SCYTHIA_GLOBAL',  'ModifierId',  'ARGTYPE_IDENTITY',  'QUO_FRIENDS_SCYTHIA_BONUS',   NULL,  NULL),
	('QUO_FRIENDS_SPAIN_GLOBAL',  'ModifierId',  'ARGTYPE_IDENTITY',  'QUO_FRIENDS_SPAIN_BONUS',   NULL,  NULL),
	('QUO_FRIENDS_SUMERIA_GLOBAL',  'ModifierId',  'ARGTYPE_IDENTITY',  'QUO_FRIENDS_SUMERIA_BONUS',   NULL,  NULL),

	-- expansion 1
	('QUO_FRIENDS_CREE_GLOBAL',  'ModifierId',  'ARGTYPE_IDENTITY',  'QUO_FRIENDS_CREE_BONUS',   NULL,  NULL),
	('QUO_FRIENDS_GEORGIA_GLOBAL',  'ModifierId',  'ARGTYPE_IDENTITY',  'QUO_FRIENDS_GEORGIA_BONUS',   NULL,  NULL),
	('QUO_FRIENDS_KOREA_GLOBAL',  'ModifierId',  'ARGTYPE_IDENTITY',  'QUO_FRIENDS_KOREA_BONUS',   NULL,  NULL),
	('QUO_FRIENDS_MAPUCHE_GLOBAL',  'ModifierId',  'ARGTYPE_IDENTITY',  'QUO_FRIENDS_MAPUCHE_BONUS',   NULL,  NULL),
	('QUO_FRIENDS_MONGOLIA_GLOBAL',  'ModifierId',  'ARGTYPE_IDENTITY',  'QUO_FRIENDS_MONGOLIA_BONUS',   NULL,  NULL),
	('QUO_FRIENDS_NETHERLANDS_GLOBAL',  'ModifierId',  'ARGTYPE_IDENTITY',  'QUO_FRIENDS_NETHERLANDS_BONUS',   NULL,  NULL),
	('QUO_FRIENDS_SCOTLAND_GLOBAL',  'ModifierId',  'ARGTYPE_IDENTITY',  'QUO_FRIENDS_SCOTLAND_BONUS',   NULL,  NULL),
	('QUO_FRIENDS_ZULU_GLOBAL',  'ModifierId',  'ARGTYPE_IDENTITY',  'QUO_FRIENDS_ZULU_BONUS',   NULL,  NULL),	
	
	-- exp 2
	('QUO_FRIENDS_CANADA_GLOBAL',  'ModifierId',  'ARGTYPE_IDENTITY',  'QUO_FRIENDS_CANADA_BONUS',   NULL,  NULL),
	('QUO_FRIENDS_OTTOMAN_GLOBAL',  'ModifierId',  'ARGTYPE_IDENTITY',  'QUO_FRIENDS_OTTOMAN_BONUS',   NULL,  NULL),
	('QUO_FRIENDS_SWEDEN_GLOBAL',  'ModifierId',  'ARGTYPE_IDENTITY',  'QUO_FRIENDS_SWEDEN_BONUS',   NULL,  NULL),
	('QUO_FRIENDS_MAORI_GLOBAL',  'ModifierId',  'ARGTYPE_IDENTITY',  'QUO_FRIENDS_MAORI_BONUS',   NULL,  NULL),
	('QUO_FRIENDS_MAORI_GLOBAL_JUNGLE',  'ModifierId',  'ARGTYPE_IDENTITY',  'QUO_FRIENDS_MAORI_BONUS_JUNGLE',   NULL,  NULL),
	('QUO_FRIENDS_PHOENICIA_GLOBAL',  'ModifierId',  'ARGTYPE_IDENTITY',  'QUO_FRIENDS_PHOENICIA_BONUS',   NULL,  NULL),
	('QUO_FRIENDS_MALI_GLOBAL',  'ModifierId',  'ARGTYPE_IDENTITY',  'QUO_FRIENDS_MALI_BONUS',   NULL,  NULL),
	('QUO_FRIENDS_HUNGARY_GLOBAL',  'ModifierId',  'ARGTYPE_IDENTITY',  'QUO_FRIENDS_HUNGARY_BONUS',   NULL,  NULL),
	('QUO_FRIENDS_INCA_GLOBAL',  'ModifierId',  'ARGTYPE_IDENTITY',  'QUO_FRIENDS_INCA_BONUS',   NULL,  NULL), 
	

	-- dlc 
	('QUO_FRIENDS_AZTEC_GLOBAL',  'ModifierId',  'ARGTYPE_IDENTITY',  'QUO_FRIENDS_AZTEC_BONUS',   NULL,  NULL),
	('QUO_FRIENDS_POLAND_GLOBAL',  'ModifierId',  'ARGTYPE_IDENTITY',  'QUO_FRIENDS_POLAND_BONUS',   NULL,  NULL),
	('QUO_FRIENDS_AUSTRALIA_GLOBAL',  'ModifierId',  'ARGTYPE_IDENTITY',  'QUO_FRIENDS_AUSTRALIA_BONUS',   NULL,  NULL),
	('QUO_FRIENDS_MACEDON_GLOBAL',  'ModifierId',  'ARGTYPE_IDENTITY',  'QUO_FRIENDS_MACEDON_BONUS',   NULL,  NULL),
	('QUO_FRIENDS_PERSIA_GLOBAL',  'ModifierId',  'ARGTYPE_IDENTITY',  'QUO_FRIENDS_PERSIA_BONUS',   NULL,  NULL),
	('QUO_FRIENDS_NUBIA_GLOBAL',  'ModifierId',  'ARGTYPE_IDENTITY',  'QUO_FRIENDS_NUBIA_BONUS',   NULL,  NULL),
	('QUO_FRIENDS_KHMER_GLOBAL',  'ModifierId',  'ARGTYPE_IDENTITY',  'QUO_FRIENDS_KHMER_BONUS',   NULL,  NULL),
	('QUO_FRIENDS_INDONESIA_GLOBAL',  'ModifierId',  'ARGTYPE_IDENTITY',  'QUO_FRIENDS_INDONESIA_BONUS',   NULL,  NULL),
	
	('QUO_FRIENDS_GRAN_COLOMBIA_GLOBAL',  'ModifierId',  'ARGTYPE_IDENTITY',  'QUO_FRIENDS_GRAN_COLOMBIA_BONUS',   NULL,  NULL),
	('QUO_FRIENDS_MAYA_GLOBAL',  'ModifierId',  'ARGTYPE_IDENTITY',  'QUO_FRIENDS_MAYA_BONUS',   NULL,  NULL),
	('QUO_FRIENDS_ETHIOPIA_GLOBAL',  'ModifierId',  'ARGTYPE_IDENTITY',  'QUO_FRIENDS_ETHIOPIA_BONUS',   NULL,  NULL),
	
	
	
	-- modifiers
	('QUO_FRIENDS_EGYPT_BONUS', 	'ImprovementType', 	'ARGTYPE_IDENTITY', 	'IMPROVEMENT_SPHINX',		NULL, NULL) ,

	('QUO_FRIENDS_AMERICA_BONUS', 'Amount', 	'ARGTYPE_IDENTITY', 	'-20',	NULL, 	NULL) ,

	('QUO_FRIENDS_ARABIA_BONUS', 	'Amount', 	'ARGTYPE_IDENTITY', 	'8',			NULL, 	NULL) , 
	('QUO_FRIENDS_ARABIA_BONUS', 	'YieldType', 	'ARGTYPE_IDENTITY', 	'YIELD_SCIENCE',	NULL, 	NULL) ,
	('QUO_FRIENDS_ARABIA_BONUS_GPP', 	'Amount', 	'ARGTYPE_IDENTITY', 	'2',			NULL, 	NULL) , 
	('QUO_FRIENDS_ARABIA_BONUS_GPP', 	'GreatPersonClassType', 	'ARGTYPE_IDENTITY', 	'GREAT_PERSON_CLASS_PROPHET',	NULL, 	NULL) ,
	
	('QUO_FRIENDS_BRAZIL_BONUS', 	'Amount', 	'ARGTYPE_IDENTITY', 	'25',		NULL, NULL) ,
	('QUO_FRIENDS_BRAZIL_BONUS', 	'DistrictType', 	'ARGTYPE_IDENTITY', 	'DISTRICT_ENTERTAINMENT_COMPLEX',	NULL, 	NULL) ,

	('QUO_FRIENDS_CHINA_BONUS', 	'Amount', 	'ARGTYPE_IDENTITY', 	'1',			NULL, 	NULL) ,

	-- ('QUO_FRIENDS_ENGLAND_BONUS', 	'Amount', 	'ARGTYPE_IDENTITY', 	'10',			NULL, 	NULL) , 
	-- ('QUO_FRIENDS_ENGLAND_BONUS', 	'YieldType', 	'ARGTYPE_IDENTITY', 	'YIELD_GOLD',	NULL, 	NULL) ,

	('QUO_FRIENDS_ENGLAND_BONUS', 	'Amount', 		'ARGTYPE_IDENTITY', 	'25',				NULL, 	NULL) ,  
	('QUO_FRIENDS_ENGLAND_BONUS', 	'DistrictType', 	'ARGTYPE_IDENTITY', 	'DISTRICT_HARBOR',	NULL, 	NULL) ,

	('QUO_FRIENDS_FRANCE_BONUS', 	'ImprovementType', 	'ARGTYPE_IDENTITY', 	'IMPROVEMENT_CHATEAU',		NULL, 	NULL) ,

	-- ('QUO_FRIENDS_GERMANY_BONUS', 	'Amount', 	'ARGTYPE_IDENTITY', 	'1',			NULL, 	NULL) , 
	-- ('QUO_FRIENDS_GERMANY_BONUS', 	'YieldType', 'ARGTYPE_IDENTITY', 	'YIELD_PRODUCTION',	NULL, 	NULL) ,

	('QUO_FRIENDS_GERMANY_BONUS', 	'Amount', 		'ARGTYPE_IDENTITY', 	'25',				NULL, 	NULL) ,  
	('QUO_FRIENDS_GERMANY_BONUS', 	'DistrictType', 	'ARGTYPE_IDENTITY', 	'DISTRICT_INDUSTRIAL_ZONE',	NULL, 	NULL) ,

	('QUO_FRIENDS_INDIA_BONUS', 	'ImprovementType', 	'ARGTYPE_IDENTITY', 	'IMPROVEMENT_STEPWELL',		NULL, 	NULL) ,

	('QUO_FRIENDS_JAPAN_BONUS', 	'Amount', 	'ARGTYPE_IDENTITY', 	'25',			NULL, 	NULL) , 
	('QUO_FRIENDS_JAPAN_BONUS', 	'DistrictType', 'ARGTYPE_IDENTITY', 	'DISTRICT_ENCAMPMENT',	NULL, 	NULL) ,

	('QUO_FRIENDS_KONGO_BONUS', 	'Amount', 	'ARGTYPE_IDENTITY', 	'2',			NULL, 	NULL) , 
	('QUO_FRIENDS_KONGO_BONUS', 	'YieldType', 	'ARGTYPE_IDENTITY', 	'YIELD_FOOD',	NULL, 	NULL) ,

	('QUO_FRIENDS_GREECE_BONUS', 	'Amount', 	'ARGTYPE_IDENTITY', 	'2',		NULL, NULL) , 

	('QUO_FRIENDS_NORWAY_BONUS', 	'AbilityType', 	'ARGTYPE_IDENTITY', 	'ABILITY_HEAL_NEUTRAL_TERRITORY',		NULL, NULL) , 
	
	('QUO_FRIENDS_SCYTHIA_BONUS', 	'Amount', 	'ARGTYPE_IDENTITY', 	'10',		NULL, 	NULL),

	('QUO_FRIENDS_SPAIN_BONUS', 	'ImprovementType', 	'ARGTYPE_IDENTITY', 	'IMPROVEMENT_MISSION',		NULL, 	NULL),

	('QUO_FRIENDS_SUMERIA_BONUS', 	'ImprovementType', 	'ARGTYPE_IDENTITY', 	'IMPROVEMENT_ZIGGURAT',		NULL, 	NULL),

	('QUO_FRIENDS_RUSSIA_BONUS', 	'Amount', 	'ARGTYPE_IDENTITY', 	'8',		NULL, 	NULL) ,

	
	
	-- expansion 1
	
	('QUO_FRIENDS_KOREA_BONUS', 	'Amount', 	'ARGTYPE_IDENTITY', 	'5',		NULL, 	NULL) ,
	('QUO_FRIENDS_KOREA_BONUS', 	'YieldType', 	'ARGTYPE_IDENTITY', 	'5',		NULL, 	NULL) ,
		
	('QUO_FRIENDS_CREE_BONUS', 	'Amount', 	'ARGTYPE_IDENTITY', 	'1',		NULL, 	NULL) ,
	
	('QUO_FRIENDS_GEORGIA_BONUS', 	'Amount', 	'ARGTYPE_IDENTITY', 	'10',		NULL, 	NULL) ,
	
	('QUO_FRIENDS_MONGOLIA_BONUS', 	'Amount', 	'ARGTYPE_IDENTITY', 	'3',		NULL, 	NULL) ,
	
	('QUO_FRIENDS_MAPUCHE_BONUS', 	'Amount', 	'ARGTYPE_IDENTITY', 	'7',		NULL, 	NULL),
	
	('QUO_FRIENDS_NETHERLANDS_BONUS', 	'Amount', 	'ARGTYPE_IDENTITY', 	'1',		NULL, 	NULL),
	
	('QUO_FRIENDS_SCOTLAND_BONUS', 	'HappinessType', 	'ARGTYPE_IDENTITY', 	'HAPPINESS_ECSTATIC',		NULL, 	NULL),
	('QUO_FRIENDS_SCOTLAND_BONUS', 	'YieldType', 	'ARGTYPE_IDENTITY', 	'YIELD_PRODUCTION',		NULL, 	NULL),
	('QUO_FRIENDS_SCOTLAND_BONUS', 	'Amount', 	'ARGTYPE_IDENTITY', 	'5',		NULL, 	NULL),
	
	
	('QUO_FRIENDS_ZULU_BONUS', 	'Amount', 	'ARGTYPE_IDENTITY', 	'3',		NULL, 	NULL),
	
	
	-- expansion 2
	('QUO_FRIENDS_SWEDEN_BONUS', 	'ImprovementType', 	'ARGTYPE_IDENTITY', 	'IMPROVEMENT_OPEN_AIR_MUSEUM',		NULL, 	NULL) ,
	
	('QUO_FRIENDS_MAORI_BONUS', 	'Amount', 	'ARGTYPE_IDENTITY', 	'3',		NULL, 	NULL) ,
		
	
	('QUO_FRIENDS_MALI_BONUS', 	'Amount', 	'ARGTYPE_IDENTITY', 	'25',			NULL, 	NULL) , 
	('QUO_FRIENDS_MALI_BONUS', 	'DistrictType', 'ARGTYPE_IDENTITY', 	'DISTRICT_COMMERCIAL_HUB',	NULL, 	NULL) ,
	
	('QUO_FRIENDS_HUNGARY_BONUS', 	'Amount', 'ARGTYPE_IDENTITY', 	'5',	NULL, 	NULL) ,
	
	
	('QUO_FRIENDS_INCA_BONUS', 	'ImprovementType', 	'ARGTYPE_IDENTITY', 	'IMPROVEMENT_MOUNTAIN_ROAD',		NULL, 	NULL) ,
	
	('QUO_FRIENDS_PHOENICIA_BONUS', 	'Amount', 	'ARGTYPE_IDENTITY', 	'15',		NULL, 	NULL) ,
	
	
	('QUO_FRIENDS_OTTOMAN_BONUS', 	'AbilityType', 	'ARGTYPE_IDENTITY', 	'ABILITY_GREAT_TURKISH_BOMBARD',		NULL, 	NULL) ,
	
	('QUO_FRIENDS_CANADA_BONUS', 	'ImprovementType', 	'ARGTYPE_IDENTITY', 	'IMPROVEMENT_ICE_HOCKEY_RINK',		NULL, 	NULL) ,
	
	
	-- dlc
	('QUO_FRIENDS_AZTEC_BONUS', 	'Amount', 	'ARGTYPE_IDENTITY', 	'2',		NULL, 	NULL) ,

	('QUO_FRIENDS_POLAND_BONUS', 	'DistrictType', 'ARGTYPE_IDENTITY', 	'DISTRICT_ENCAMPMENT',	NULL, NULL) ,

	-- do not add Australia arguments here or risk a CTD for players without the outback station DLC, added below

	('QUO_FRIENDS_MACEDON_BONUS', 	'Amount', 	'ARGTYPE_IDENTITY', 	'-50',		NULL, 	NULL) ,
	('QUO_FRIENDS_MACEDON_BONUS', 	'Overall', 	'ARGTYPE_IDENTITY', 	'1',		NULL, 	NULL) ,

	('QUO_FRIENDS_PERSIA_BONUS', 	'Amount', 'ARGTYPE_IDENTITY', 	'2',	NULL, NULL) ,
	('QUO_FRIENDS_PERSIA_BONUS', 	'YieldType', 'ARGTYPE_IDENTITY', 	'YIELD_GOLD',	NULL, NULL) ,
	
	-- do not add Persia arguments here or risk a CTD for players without the IMPROVEMENT_PAIRIDAEZA DLC, added below
	
	
	('QUO_FRIENDS_NUBIA_BONUS', 	'Amount', 	'ARGTYPE_IDENTITY', 	'50',		NULL, 	NULL) ,
	
	
	('QUO_FRIENDS_KHMER_BONUS', 	'Amount', 		'ARGTYPE_IDENTITY', 	'100',				NULL, 	NULL) ,  
	('QUO_FRIENDS_KHMER_BONUS', 	'DistrictType', 	'ARGTYPE_IDENTITY', 	'DISTRICT_AQUEDUCT',	NULL, 	NULL) ,
	
	
	('QUO_FRIENDS_INDONESIA_BONUS', 	'Amount', 	'ARGTYPE_IDENTITY', 	'1',					NULL, 	NULL) ,	
	('QUO_FRIENDS_INDONESIA_BONUS', 	'YieldType', 	'ARGTYPE_IDENTITY', 	'YIELD_FAITH',		NULL, 	NULL),
	
	
	('QUO_FRIENDS_GRAN_COLOMBIA_BONUS', 	'ImprovementType', 	'ARGTYPE_IDENTITY', 	'IMPROVEMENT_HACIENDA',		NULL, 	NULL),
	
	--('QUO_FRIENDS_MAYA_BONUS', 	'AbilityType', 	'ARGTYPE_IDENTITY', 	'ABILITY_MUTAL_COMBAT_STRENGTH_NEAR_CAPITAL',		NULL, 	NULL),
	
	('QUO_FRIENDS_MAYA_BONUS', 	'ImprovementType', 	'ARGTYPE_IDENTITY', 	'IMPROVEMENT_ROCK_HEWN_CHURCH',		NULL, 	NULL),
	;

	
	-- strings
	
	INSERT INTO ModifierStrings
	(ModifierId, 		Context, Text)
	VALUES	('QUO_FRIENDS_MAPUCHE_BONUS', 'Preview', 'QUO_LOC_FRIENDS_MAPUCHE_GLOBAL_COMBAT_DESCRIPTION') ,
	('QUO_FRIENDS_MONGOLIA_BONUS', 'Preview', 'QUO_LOC_FRIENDS_MONGOLIA_GLOBAL_COMBAT_DESCRIPTION') ;

	

INSERT INTO TraitModifiers
	(TraitType, 			ModifierID)
VALUES	
	('QUO_TRAIT_FRIENDS_AMERICA', 'QUO_FRIENDS_AMERICA_GLOBAL'),
	('QUO_TRAIT_FRIENDS_ARABIA', 'QUO_FRIENDS_ARABIA_GLOBAL'),
	('QUO_TRAIT_FRIENDS_ARABIA', 'QUO_FRIENDS_ARABIA_GLOBAL_GPP'),
	('QUO_TRAIT_FRIENDS_BRAZIL', 'QUO_FRIENDS_BRAZIL_GLOBAL'),
	('QUO_TRAIT_FRIENDS_CHINA', 'QUO_FRIENDS_CHINA_GLOBAL'),
	('QUO_TRAIT_FRIENDS_ENGLAND', 'QUO_FRIENDS_ENGLAND_GLOBAL'),
	('QUO_TRAIT_FRIENDS_FRANCE', 'QUO_FRIENDS_FRANCE_GLOBAL'),
	('QUO_TRAIT_FRIENDS_GERMANY', 'QUO_FRIENDS_GERMANY_GLOBAL'),
	('QUO_TRAIT_FRIENDS_GREECE', 'QUO_FRIENDS_GREECE_GLOBAL'),
	('QUO_TRAIT_FRIENDS_INDIA', 'QUO_FRIENDS_INDIA_GLOBAL'),
	('QUO_TRAIT_FRIENDS_JAPAN', 'QUO_FRIENDS_JAPAN_GLOBAL'),
	('QUO_TRAIT_FRIENDS_KONGO', 'QUO_FRIENDS_KONGO_GLOBAL'),
	('QUO_TRAIT_FRIENDS_NORWAY', 'QUO_FRIENDS_NORWAY_GLOBAL'),
	('QUO_TRAIT_FRIENDS_ROME', 'QUO_FRIENDS_ROME_GLOBAL'),
	('QUO_TRAIT_FRIENDS_RUSSIA', 'QUO_FRIENDS_RUSSIA_GLOBAL'),
	('QUO_TRAIT_FRIENDS_SCYTHIA', 'QUO_FRIENDS_SCYTHIA_GLOBAL'),
	('QUO_TRAIT_FRIENDS_SPAIN', 'QUO_FRIENDS_SPAIN_GLOBAL'),
	('QUO_TRAIT_FRIENDS_SUMERIA', 'QUO_FRIENDS_SUMERIA_GLOBAL') ,
	('QUO_TRAIT_FRIENDS_EGYPT',	'QUO_FRIENDS_EGYPT_GLOBAL') ,
	
	('QUO_TRAIT_FRIENDS_CREE',	'QUO_FRIENDS_CREE_GLOBAL') ,
	('QUO_TRAIT_FRIENDS_KOREA',	'QUO_FRIENDS_KOREA_GLOBAL') ,
	('QUO_TRAIT_FRIENDS_GEORGIA',	'QUO_FRIENDS_GEORGIA_GLOBAL') ,
	('QUO_TRAIT_FRIENDS_MONGOLIA',	'QUO_FRIENDS_MONGOLIA_GLOBAL') ,
	('QUO_TRAIT_FRIENDS_MAPUCHE',	'QUO_FRIENDS_MAPUCHE_GLOBAL') ,
	('QUO_TRAIT_FRIENDS_NETHERLANDS',	'QUO_FRIENDS_NETHERLANDS_GLOBAL') ,
	('QUO_TRAIT_FRIENDS_SCOTLAND',	'QUO_FRIENDS_SCOTLAND_GLOBAL') ,
	('QUO_TRAIT_FRIENDS_ZULU',	'QUO_FRIENDS_ZULU_GLOBAL') ,
	
	('QUO_TRAIT_FRIENDS_PHOENICIA',	'QUO_FRIENDS_PHOENICIA_GLOBAL') ,
	('QUO_TRAIT_FRIENDS_SWEDEN',	'QUO_FRIENDS_SWEDEN_GLOBAL') ,
	('QUO_TRAIT_FRIENDS_MAORI',	'QUO_FRIENDS_MAORI_GLOBAL') ,
	('QUO_TRAIT_FRIENDS_MALI',	'QUO_FRIENDS_MALI_GLOBAL') ,
	('QUO_TRAIT_FRIENDS_INCA',	'QUO_FRIENDS_INCA_GLOBAL') ,
	('QUO_TRAIT_FRIENDS_HUNGARY',	'QUO_FRIENDS_HUNGARY_GLOBAL') ,
	('QUO_TRAIT_FRIENDS_OTTOMAN',	'QUO_FRIENDS_OTTOMAN_GLOBAL') ,
	('QUO_TRAIT_FRIENDS_CANADA',	'QUO_FRIENDS_CANADA_GLOBAL') ;
	
	
	



-- DLC Leaders
-- These need to be handled differently because the primary key must exist or we crash. Check to be sure civ exists before trying to assign
-- any modifiers to their trait.

-- Aztec DLC
INSERT INTO TraitModifiers
	(TraitType, 			ModifierID)
SELECT	'TRAIT_CIVILIZATION_LEGEND_FIVE_SUNS', 'QUO_FRIENDS_AZTEC_GLOBAL'
	FROM Civilizations WHERE Civilizations.CivilizationType = 'CIVILIZATION_AZTEC' ;

-- Aztecs need a string inserted so combat bonus shows in combat logs
INSERT INTO ModifierStrings
	(ModifierId, 		Context, Text)
VALUES	('QUO_FRIENDS_AZTEC_BONUS', 'Preview', 'QUO_LOC_FRIENDS_AZTEC_GLOBAL_COMBAT_DESCRIPTION') ;


-- Poland DLC
INSERT INTO TraitModifiers
	(TraitType, 			ModifierID)
SELECT	'TRAIT_CIVILIZATION_GOLDEN_LIBERTY', 'QUO_FRIENDS_POLAND_GLOBAL'
	FROM Civilizations WHERE Civilizations.CivilizationType = 'CIVILIZATION_POLAND' ;
 

-- Australia DLC

INSERT INTO ModifierArguments
	(ModifierId, 			Name, 		Type, 			Value, 			Extra, 	SecondExtra)
SELECT	'QUO_FRIENDS_AUSTRALIA_BONUS', 	'ImprovementType', 	'ARGTYPE_IDENTITY', 	'IMPROVEMENT_OUTBACK_STATION',		NULL, 	NULL
	FROM Civilizations WHERE Civilizations.CivilizationType = 'CIVILIZATION_AUSTRALIA' ;


INSERT INTO TraitModifiers
	(TraitType, 			ModifierID)
SELECT	'TRAIT_CIVILIZATION_LAND_DOWN_UNDER', 'QUO_FRIENDS_AUSTRALIA_GLOBAL'
	FROM Civilizations WHERE Civilizations.CivilizationType = 'CIVILIZATION_AUSTRALIA' ;

-- Macedon

INSERT INTO TraitModifiers
	(TraitType, 			ModifierID)
SELECT	'TRAIT_LEADER_TO_WORLDS_END', 'QUO_FRIENDS_MACEDON_GLOBAL'
	FROM Civilizations WHERE Civilizations.CivilizationType = 'CIVILIZATION_MACEDON' ;

	
-- Persia
INSERT INTO TraitModifiers
	(TraitType, 			ModifierID)
SELECT	'TRAIT_CIVILIZATION_SATRAPIES', 'QUO_FRIENDS_PERSIA_GLOBAL'
	FROM Civilizations WHERE Civilizations.CivilizationType = 'CIVILIZATION_PERSIA' ;


-- Nubia
INSERT INTO TraitModifiers
	(TraitType, 			ModifierID)
SELECT	'TRAIT_CIVILIZATION_TA_SETI', 'QUO_FRIENDS_NUBIA_GLOBAL'
	FROM Civilizations WHERE Civilizations.CivilizationType = 'CIVILIZATION_NUBIA' ;

	
-- Khmer
INSERT INTO TraitModifiers
	(TraitType, 		ModifierId)
SELECT 'TRAIT_CIVILIZATION_KHMER_BARAYS',	'QUO_FRIENDS_KHMER_GLOBAL' 
FROM Civilizations 
WHERE Civilizations.CivilizationType='CIVILIZATION_KHMER' ;


-- Indonesia
INSERT INTO TraitModifiers
	(TraitType, 		ModifierId)
SELECT 'TRAIT_CIVILIZATION_INDONESIA_NUSANTARA',	'QUO_FRIENDS_INDONESIA_GLOBAL' 
FROM Civilizations 
WHERE Civilizations.CivilizationType='CIVILIZATION_INDONESIA' ;


-- gRAN cOLUMBIA
INSERT INTO TraitModifiers
	(TraitType, 		ModifierId)
SELECT 'TRAIT_CIVILIZATION_EJERCITO_PATRIOTA',	'QUO_FRIENDS_GRAN_COLOMBIA_GLOBAL' 
FROM Civilizations 
WHERE Civilizations.CivilizationType='CIVILIZATION_GRAN_COLUMBIA' ;

-- maya
INSERT INTO TraitModifiers
	(TraitType, 		ModifierId)
SELECT 'TRAIT_CIVILIZATION_MAYAB',	'QUO_FRIENDS_MAYA_GLOBAL' 
FROM Civilizations 
WHERE Civilizations.CivilizationType='CIVILIZATION_MAYA' ;


--ethiopia
INSERT INTO TraitModifiers
	(TraitType, 		ModifierId)
SELECT 'TRAIT_CIVILIZATION_ETHIOPIA',	'QUO_FRIENDS_ETHIOPIA_GLOBAL' 
FROM Civilizations 
WHERE Civilizations.CivilizationType='CIVILIZATION_ETHIOPIA' ;

	
-- ===============================================================================
-- MODDED CIVILIZATIONS
-- This system provides modded Civilizations with a Friend bonus.
-- ===============================================================================
	
-- Make a list of all the civs in the game
CREATE TABLE tblQuoUnknownFriendCivs 
	AS SELECT CivilizationType 
	FROM Civilizations 
	WHERE	StartingCivilizationLevelType='CIVILIZATION_LEVEL_FULL_CIV' ;

-- Delete from the list any civ we know already has a friend bonus
DELETE FROM tblQuoUnknownFriendCivs WHERE tblQuoUnknownFriendCivs.CivilizationType IN 
('CIVILIZATION_AMERICA',
'CIVILIZATION_ARABIA',
'CIVILIZATION_BRAZIL',
'CIVILIZATION_CHINA',
'CIVILIZATION_ENGLAND',
'CIVILIZATION_EGYPT',
'CIVILIZATION_FRANCE',
'CIVILIZATION_GERMANY',
'CIVILIZATION_GREECE',
'CIVILIZATION_INDIA',
'CIVILIZATION_JAPAN',
'CIVILIZATION_KONGO',
'CIVILIZATION_NORWAY',
'CIVILIZATION_ROME',
'CIVILIZATION_RUSSIA',
'CIVILIZATION_SCYTHIA',
'CIVILIZATION_SPAIN',
'CIVILIZATION_SUMERIA',
'CIVILIZATION_AUSTRALIA',
'CIVILIZATION_AZTEC',
'CIVILIZATION_MACEDON',
'CIVILIZATION_PERSIA',
'CIVILIZATION_NUBIA',
'CIVILIZATION_POLAND',
'CIVILIZATION_KHMER',
'CIVILIZATION_INDONESIA',
'CIVILIZATION_CREE',
'CIVILIZATION_GEORGIA',
'CIVILIZATION_KOREA',
'CIVILIZATION_MAPUCHE',
'CIVILIZATION_MONGOLIA',
'CIVILIZATION_NETHERLANDS',
'CIVILIZATION_SCOTLAND',
'CIVILIZATION_ZULU',
'CIVILIZATION_OTTOMAN',
'CIVILIZATION_PHOENICIA',
'CIVILIZATION_CANADA',
'CIVILIZATION_MAORI',
'CIVILIZATION_MALI',
'CIVILIZATION_HUNGARY',
'CIVILIZATION_INCA',
'CIVILIZATION_SWEDEN',
'CIVILIZATION_GRAN_COLUMBIA',
'CIVILIZATION_MAYA',
'CIVILIZATION_ETHIOPIA'
) ;

-- check against the MyOptions system to make sure this feature is turned on. If it is not, clear the table completely.
DELETE FROM tblQuoUnknownFriendCivs
	WHERE EXISTS (SELECT tblQuoOptions.Value FROM tblQuoOptions WHERE tblQuoOptions.OptionID='QUO_OPTION_ENABLE_FRIEND_BONUSES_FOR_MOD_CIVS' AND tblQuoOptions.Value <= 0);


-- Create friend bonuses for any civs left over
INSERT INTO Types 
	(Type, 					Kind)
VALUES ('QUO_TRAIT_FRIENDS_GENERIC', 		'KIND_TRAIT') ;


INSERT INTO Traits 
	(TraitType,			Name,						Description,						InternalOnly)
VALUES ('QUO_TRAIT_FRIENDS_GENERIC',	'LOC_QUO_TRAIT_GENERIC_FRIENDS_NAME',		'LOC_QUO_TRAIT_FRIENDS_GENERIC_DESCRIPTION',		0) ;

-- Reuse Cree's bonus
INSERT INTO TraitModifiers
	(TraitType, 			ModifierID)
VALUES	('QUO_TRAIT_FRIENDS_GENERIC', 'QUO_FRIENDS_CREE_GLOBAL' );



INSERT INTO CivilizationTraits 
	(CivilizationType, 		TraitType)
SELECT tblQuoUnknownFriendCivs.CivilizationType,	'QUO_TRAIT_FRIENDS_GENERIC'
FROM tblQuoUnknownFriendCivs;




	


-- UPDATE BUG TRACKER
-- This code should go last in every file


UPDATE tblQuoDebug SET x_Close='1' WHERE DebugID='Quo_Friends_Code';


