/*
    Created by Quo
*/


-- LOGS
INSERT INTO tblQuoDebug 
	(DebugID, 		x_Open, x_Close, 	Message)
VALUES ('Quo_REX_Code',	'1',	'0',		'') ;




--UPDATE Units SET Cost=Cost*3 WHERE UnitType='UNIT_SETTLER' ;

 
/* -- Add a penalty to founding a new City that is removed once the city builds at least one district.
-- Penalty is also removed once the player enters the Medeival era.

-- Code disabled for the forseeable future

INSERT INTO Requirements
		(RequirementId, 		RequirementType, 	Likeliness,	Inverse, 	Triggered)
VALUES	('QUO_REQ_REX_LESS_THAN_1', 	'REQUIREMENT_CITY_HAS_X_SPECIALTY_DISTRICTS',	0,1,0) ,
		('QUO_REQ_REX_NOT_CAPITAL', 	'REQUIREMENT_CITY_HAS_BUILDING',	0,1,0) ,
		('QUO_REQ_REX_NOT_HAS_ERA', 		'REQUIREMENT_PLAYER_ERA_AT_LEAST',	0,1,0) ;

INSERT INTO RequirementArguments 
		(RequirementId,			Name, 			Type, 			Value, 		Extra, 	SecondExtra)
VALUES 	('QUO_REQ_REX_LESS_THAN_1',	'Amount',		'ARGTYPE_IDENTITY',	'1',	NULL,	NULL 	)   ,
		('QUO_REQ_REX_NOT_CAPITAL',	'BuildingType',		'ARGTYPE_IDENTITY',	'BUILDING_PALACE',	NULL,	NULL 	)   ,
		('QUO_REQ_REX_NOT_HAS_ERA',	'EraType',		'ARGTYPE_IDENTITY',	'ERA_MEDIEVAL',	NULL,	NULL 	)   ;
		
INSERT INTO RequirementSets 
		(RequirementSetId, 		RequirementSetType)
VALUES 	('QUO_REQSET_REX_PENALTY_REVERSE_1', 	'REQUIREMENTSET_TEST_ALL') ;

 INSERT INTO RequirementSetRequirements
	(RequirementSetId,	RequirementId)
VALUES	('QUO_REQSET_REX_PENALTY_REVERSE_1', 	'QUO_REQ_REX_LESS_THAN_1') ,
		('QUO_REQSET_REX_PENALTY_REVERSE_1', 	'QUO_REQ_REX_NOT_CAPITAL') ,
		('QUO_REQSET_REX_PENALTY_REVERSE_1', 	'QUO_REQ_REX_NOT_HAS_ERA') ;


INSERT INTO Modifiers 
	(ModifierId, ModifierType, RunOnce, Permanent, OwnerRequirementSetId, SubjectRequirementSetId)
VALUES	('QUO_REX_PENALTY_SCIENCE_PLAYER', 'MODIFIER_PLAYER_CITIES_ATTACH_MODIFIER', 0, 0, NULL, 'QUO_REQSET_REX_PENALTY_REVERSE_1') ,
		('QUO_REX_PENALTY_CULTURE_PLAYER', 'MODIFIER_PLAYER_CITIES_ATTACH_MODIFIER', 0, 0, NULL, 'QUO_REQSET_REX_PENALTY_REVERSE_1') ,
		('QUO_REX_PENALTY_GOLD_PLAYER', 'MODIFIER_PLAYER_CITIES_ATTACH_MODIFIER', 0, 0, NULL, 'QUO_REQSET_REX_PENALTY_REVERSE_1') ,
		('QUO_REX_PENALTY_SCIENCE', 'MODIFIER_PLAYER_CITIES_ADJUST_CITY_YIELD_MODIFIER', 0, 0, NULL, NULL) ,
		('QUO_REX_PENALTY_CULTURE', 'MODIFIER_PLAYER_CITIES_ADJUST_CITY_YIELD_MODIFIER', 0, 0, NULL, NULL) ,
		('QUO_REX_PENALTY_GOLD', 'MODIFIER_PLAYER_CITIES_ADJUST_CITY_YIELD_CHANGE', 0, 0, NULL, 'QUO_REQSET_REX_PENALTY_REVERSE_1') ;
		
INSERT INTO ModifierArguments
	(ModifierId, 			Name, 		Type, 			Value, 			Extra, 	SecondExtra)
VALUES	('QUO_REX_PENALTY_SCIENCE_PLAYER', 		'ModifierId', 	'ARGTYPE_IDENTITY', 		'QUO_REX_PENALTY_SCIENCE',			NULL, 	NULL) ,
		('QUO_REX_PENALTY_CULTURE_PLAYER', 		'ModifierId', 	'ARGTYPE_IDENTITY', 		'QUO_REX_PENALTY_CULTURE',			NULL, 	NULL) ,
		('QUO_REX_PENALTY_GOLD_PLAYER', 		'ModifierId', 	'ARGTYPE_IDENTITY', 		'QUO_REX_PENALTY_GOLD',			NULL, 	NULL) ,
		('QUO_REX_PENALTY_SCIENCE', 	'Amount', 	'ARGTYPE_IDENTITY', 		'-20',			NULL, 	NULL),
		('QUO_REX_PENALTY_SCIENCE', 	'YieldType', 	'ARGTYPE_IDENTITY', 		'YIELD_SCIENCE',			NULL, 	NULL) ,
		('QUO_REX_PENALTY_CULTURE', 	'Amount', 	'ARGTYPE_IDENTITY', 		'-20',			NULL, 	NULL),
		('QUO_REX_PENALTY_CULTURE', 	'YieldType', 	'ARGTYPE_IDENTITY', 		'YIELD_CULTURE',			NULL, 	NULL) ,
		('QUO_REX_PENALTY_GOLD', 	'Amount', 	'ARGTYPE_IDENTITY', 		'-3',			NULL, 	NULL),
		('QUO_REX_PENALTY_GOLD', 	'YieldType', 	'ARGTYPE_IDENTITY', 		'YIELD_GOLD',			NULL, 	NULL) ;

		
INSERT INTO TraitModifiers
	(TraitType, 			ModifierID)
VALUES	--('TRAIT_LEADER_MAJOR_CIV',	'QUO_REX_PENALTY_SCIENCE_PLAYER'),
	--('TRAIT_LEADER_MAJOR_CIV',	'QUO_REX_PENALTY_CULTURE_PLAYER') ,
	('TRAIT_LEADER_MAJOR_CIV',	'QUO_REX_PENALTY_GOLD') ; 


--This portion of the modifier can't be reduced
INSERT INTO RequirementSets 
		(RequirementSetId, 		RequirementSetType)
VALUES 	('QUO_REQSET_REX_PENALTY_REVERSE_1_PERM', 	'REQUIREMENTSET_TEST_ALL') ;

 INSERT INTO RequirementSetRequirements
	(RequirementSetId,	RequirementId)
VALUES	('QUO_REQSET_REX_PENALTY_REVERSE_1_PERM', 	'QUO_REQ_REX_NOT_CAPITAL') ;


INSERT INTO Modifiers 
	(ModifierId, ModifierType, RunOnce, Permanent, OwnerRequirementSetId, SubjectRequirementSetId)
VALUES	('QUO_REX_PENALTY_SCIENCE_PLAYER_PERM', 'MODIFIER_PLAYER_CITIES_ATTACH_MODIFIER', 0, 0, NULL, 'QUO_REQSET_REX_PENALTY_REVERSE_1_PERM') ,
		('QUO_REX_PENALTY_CULTURE_PLAYER_PERM', 'MODIFIER_PLAYER_CITIES_ATTACH_MODIFIER', 0, 0, NULL, 'QUO_REQSET_REX_PENALTY_REVERSE_1_PERM') ,
		('QUO_REX_PENALTY_GOLD_PLAYER_PERM', 'MODIFIER_PLAYER_CITIES_ATTACH_MODIFIER', 0, 0, NULL, 'QUO_REQSET_REX_PENALTY_REVERSE_1_PERM') ,
		('QUO_REX_PENALTY_SCIENCE_PERM', 'MODIFIER_PLAYER_CITIES_ADJUST_CITY_YIELD_MODIFIER', 0, 0, NULL, NULL) ,
		('QUO_REX_PENALTY_CULTURE_PERM', 'MODIFIER_PLAYER_CITIES_ADJUST_CITY_YIELD_MODIFIER', 0, 0, NULL, NULL) ,
		('QUO_REX_PENALTY_GOLD_PERM', 'MODIFIER_PLAYER_CITIES_ADJUST_CITY_YIELD_MODIFIER', 0, 0, NULL, NULL) ;
		
INSERT INTO ModifierArguments
	(ModifierId, 			Name, 		Type, 			Value, 			Extra, 	SecondExtra)
VALUES	('QUO_REX_PENALTY_SCIENCE_PLAYER_PERM', 		'ModifierId', 	'ARGTYPE_IDENTITY', 		'QUO_REX_PENALTY_SCIENCE_PERM',			NULL, 	NULL) ,
		('QUO_REX_PENALTY_CULTURE_PLAYER_PERM', 		'ModifierId', 	'ARGTYPE_IDENTITY', 		'QUO_REX_PENALTY_CULTURE_PERM',			NULL, 	NULL) ,
		('QUO_REX_PENALTY_GOLD_PLAYER_PERM', 		'ModifierId', 	'ARGTYPE_IDENTITY', 		'QUO_REX_PENALTY_GOLD_PERM',			NULL, 	NULL) ,
		('QUO_REX_PENALTY_SCIENCE_PERM', 	'Amount', 	'ARGTYPE_IDENTITY', 		'-1',			NULL, 	NULL),
		('QUO_REX_PENALTY_SCIENCE_PERM', 	'YieldType', 	'ARGTYPE_IDENTITY', 		'YIELD_SCIENCE',			NULL, 	NULL) ,
		('QUO_REX_PENALTY_CULTURE_PERM', 	'Amount', 	'ARGTYPE_IDENTITY', 		'-1',			NULL, 	NULL),
		('QUO_REX_PENALTY_CULTURE_PERM', 	'YieldType', 	'ARGTYPE_IDENTITY', 		'YIELD_CULTURE',			NULL, 	NULL) ,
		('QUO_REX_PENALTY_GOLD_PERM', 	'Amount', 	'ARGTYPE_IDENTITY', 		'-1',			NULL, 	NULL),
		('QUO_REX_PENALTY_GOLD_PERM', 	'YieldType', 	'ARGTYPE_IDENTITY', 		'YIELD_GOLD',			NULL, 	NULL) ;

		
INSERT INTO TraitModifiers
	(TraitType, 			ModifierID)
VALUES	('TRAIT_LEADER_MAJOR_CIV',	'QUO_REX_PENALTY_SCIENCE_PLAYER_PERM'),
	('TRAIT_LEADER_MAJOR_CIV',	'QUO_REX_PENALTY_CULTURE_PLAYER_PERM') ,
	('TRAIT_LEADER_MAJOR_CIV',	'QUO_REX_PENALTY_GOLD_PLAYER_PERM') ;	 
	 */


-- UPDATE BUG TRACKER
-- This code should go last in every file

UPDATE tblQuoDebug SET x_Close='1' WHERE DebugID='Quo_REX_Code';